Year,Crop Type,Yield (tons per hectare),Soil Quality Score,Rainfall (mm/year),Temperature (Â°C)
2021,Soybean,1.76,7.25,1036.7,28.5
2022,Soybean,2.48,6.83,1471.7,22.3
2021,Soybean,0.7,4.62,684.4,22.1
2024,Soybean,3.12,5.74,1833.0,31.0
2022,Barley,3.48,7.16,1254.6,19.0
2020,Barley,2.21,6.48,1174.0,31.5
2022,Rice,5.13,9.91,1378.8,20.2
2024,Wheat,1.47,3.96,1437.2,18.2
2024,Soybean,1.43,7.87,607.7,21.3
2021,Rice,4.54,5.83,1523.9,29.1
2021,Wheat,1.87,6.0,862.9,13.2
2023,Corn,8.23,8.02,1570.9,14.9
2022,Barley,5.19,7.85,1733.8,33.8
2023,Wheat,4.46,9.94,1705.9,14.4
2024,Corn,2.05,3.9,1328.8,24.2
2021,Wheat,1.91,3.73,1280.3,24.5
2021,Barley,1.89,8.07,714.3,22.2
2021,Barley,4.44,7.05,1663.0,26.1
2020,Rice,2.02,4.92,907.1,15.7
2024,Soybean,0.87,3.56,1245.0,23.8
2021,Wheat,1.23,3.6,926.4,19.3
2024,Wheat,1.91,9.26,700.7,26.5
2021,Corn,3.05,4.34,1444.3,13.5
2022,Barley,1.02,5.26,581.5,24.3
2024,Wheat,1.97,4.59,1623.0,14.6
2023,Barley,1.57,5.48,976.4,17.0
2020,Wheat,0.69,3.49,500.2,15.5
2023,Rice,3.43,6.63,1266.7,14.6
2024,Soybean,0.39,3.47,570.3,30.6
2021,Wheat,2.5,8.6,914.3,17.1
2024,Barley,2.63,4.64,1560.5,33.2
2020,Rice,1.56,6.78,594.0,34.2
2024,Wheat,4.99,9.16,1759.0,24.3
2021,Corn,1.52,7.56,505.7,13.6
2023,Soybean,1.49,6.73,870.2,19.4
2022,Wheat,2.85,5.27,1611.4,29.9
2023,Rice,2.71,5.33,974.4,19.2
2021,Corn,3.34,7.69,652.8,12.2
2021,Rice,3.81,9.96,1040.4,23.9
2020,Rice,2.53,7.63,905.6,31.1
2024,Corn,4.87,6.9,1764.1,29.9
2024,Rice,3.03,8.11,970.0,14.4
2023,Corn,4.34,6.26,1683.4,26.8
2022,Wheat,1.85,3.42,1837.8,15.5
2022,Corn,3.32,6.94,1150.7,15.5
2020,Corn,9.71,9.7,1864.9,31.9
2021,Soybean,1.41,4.23,1066.0,16.2
2020,Corn,9.87,7.83,1946.1,16.6
2024,Corn,1.29,4.41,633.9,10.0
2021,Wheat,3.23,6.75,1530.5,31.8
2020,Soybean,1.35,3.68,1240.7,29.8
2023,Barley,2.14,6.15,1081.5,25.7
2024,Wheat,2.95,8.29,1449.1,28.8
2022,Wheat,2.08,5.43,1555.8,13.8
2020,Barley,1.43,7.65,506.5,21.5
2024,Corn,2.8,8.57,750.4,18.8
2024,Rice,7.4,9.49,1569.6,12.3
2022,Soybean,1.68,4.64,1499.6,22.2
2022,Rice,5.42,5.8,1949.1,33.0
2022,Barley,2.4,4.07,1641.6,11.0
2020,Wheat,5.89,9.95,1926.2,17.3
2022,Wheat,4.02,9.49,1553.8,15.2
2023,Soybean,1.27,6.78,947.1,16.0
2024,Wheat,1.66,8.89,658.0,32.7
2022,Wheat,2.84,6.65,1672.7,21.7
2024,Soybean,3.55,7.37,1466.2,21.7
2021,Soybean,0.56,3.62,572.3,29.0
2021,Barley,2.73,8.29,1040.1,13.9
2022,Wheat,2.88,3.89,1935.2,22.2
2024,Wheat,4.46,8.78,1250.6,20.7
2021,Barley,3.84,8.47,1149.1,24.9
2022,Corn,4.55,7.96,1186.5,35.0
2024,Corn,1.27,3.25,813.3,29.2
2022,Corn,3.5,5.12,1053.1,19.9
2024,Barley,1.63,4.84,1054.7,30.7
2021,Wheat,1.17,5.52,578.5,14.3
2022,Barley,1.82,3.61,1651.4,10.8
2021,Barley,3.89,9.56,1124.8,15.1
2022,Corn,6.16,6.88,1733.3,18.5
2020,Rice,3.16,5.14,1775.5,22.8
2021,Wheat,1.13,5.78,818.0,25.4
2021,Corn,3.87,6.13,1486.0,32.8
2023,Rice,4.08,7.2,1208.4,22.7
2021,Rice,3.63,6.61,1820.2,22.5
2024,Soybean,2.01,9.44,823.6,11.3
2022,Wheat,2.98,6.48,1516.7,10.9
2020,Rice,5.45,9.95,1411.6,23.8
2024,Corn,3.73,8.96,943.0,21.0
2024,Soybean,0.79,4.46,704.9,31.0
2024,Wheat,5.27,9.51,1477.5,14.0
2024,Barley,2.09,3.81,1607.9,10.6
2020,Corn,4.15,8.72,973.4,21.2
2023,Rice,4.2,5.66,1467.2,15.9
2021,Rice,4.34,9.15,1092.7,11.2
2024,Corn,6.23,9.08,1569.8,28.1
2021,Rice,2.69,8.64,798.8,12.8
2021,Soybean,5.05,8.53,1835.3,25.2
2024,Wheat,1.44,5.13,931.1,17.0
2023,Soybean,1.11,3.57,1051.7,14.3
2021,Rice,1.77,5.82,587.1,19.5
2022,Barley,1.06,4.21,667.3,30.0
2021,Wheat,2.84,7.86,1273.8,19.8
2024,Wheat,1.7,5.42,901.4,28.8
2020,Corn,8.72,9.83,1753.2,13.1
2021,Corn,1.99,7.49,522.0,29.3
2023,Barley,2.62,8.76,1068.6,15.9
2022,Wheat,1.52,3.93,1006.0,26.9
2022,Barley,1.58,9.03,529.0,24.1
2020,Corn,3.06,9.46,686.6,33.2
2020,Corn,3.99,6.41,1120.5,19.7
2021,Wheat,2.72,7.24,1239.3,11.7
2024,Soybean,2.56,8.35,1106.4,10.5
2023,Rice,2.78,4.22,1296.4,30.7
2022,Corn,5.74,6.52,1392.7,23.1
2020,Corn,1.4,5.79,514.9,29.4
2023,Soybean,1.04,4.02,1196.1,15.9
2024,Soybean,2.13,5.57,1945.2,18.6
2022,Barley,1.26,3.48,1278.5,10.8
2022,Barley,1.3,3.18,1516.3,34.0
2024,Rice,1.5,3.95,967.8,26.7
2022,Rice,8.14,9.74,1661.0,33.3
2024,Wheat,4.73,6.85,1659.4,16.6
2022,Barley,4.61,9.76,1281.9,25.3
2021,Corn,7.21,6.03,1964.0,27.0
2024,Barley,1.26,5.18,688.3,17.9
2023,Corn,1.68,6.54,525.4,31.2
2021,Soybean,2.23,6.08,1655.2,33.7
2023,Barley,2.34,3.74,1710.7,32.1
2022,Soybean,1.32,7.49,680.3,28.5
2023,Rice,1.54,4.51,898.4,16.9
2021,Rice,1.65,7.34,526.3,17.0
2024,Wheat,2.24,7.55,940.0,34.1
2020,Barley,2.25,4.06,1659.7,10.3
2023,Soybean,1.33,3.43,1276.9,27.9
2020,Corn,4.25,8.47,1022.1,27.7
2023,Rice,3.23,6.22,1057.6,25.6
2023,Rice,0.85,3.41,502.0,34.8
2024,Corn,4.99,9.96,949.7,17.8
2022,Soybean,1.04,3.4,1469.7,18.5
2021,Soybean,3.31,7.87,1961.3,12.0
2021,Barley,5.09,9.89,1770.6,21.1
2021,Barley,0.68,4.67,535.4,16.5
2022,Wheat,1.9,4.0,1847.8,18.6
2020,Rice,3.03,3.85,1674.8,30.9
2021,Barley,3.15,5.12,1670.6,33.4
2020,Soybean,1.14,3.71,1187.0,14.6
2022,Corn,4.11,7.85,1097.0,19.3
2022,Soybean,0.76,3.44,954.4,33.2
2024,Rice,1.67,6.57,598.5,11.5
2021,Soybean,1.7,9.98,842.4,12.3
2024,Wheat,2.44,8.7,869.9,14.1
2021,Rice,4.62,7.31,1226.1,24.9
2022,Corn,5.1,5.14,1621.2,13.8
2022,Wheat,2.4,7.37,1210.7,34.2
2023,Rice,1.77,6.69,586.8,21.2
2023,Corn,5.75,5.98,1936.7,22.5
2022,Wheat,3.0,3.91,1914.1,16.2
2022,Wheat,5.72,9.21,1677.8,21.8
2020,Rice,3.99,6.15,1987.0,26.5
2020,Barley,1.79,4.36,1316.7,28.8
2024,Wheat,4.25,5.57,1944.2,28.8
2023,Wheat,0.87,5.9,613.4,24.4
2023,Corn,3.88,8.79,1048.5,32.6
2022,Soybean,1.39,8.14,838.1,30.4
2022,Rice,3.28,8.39,793.7,28.9
2024,Rice,0.81,3.08,711.2,11.4
2023,Barley,3.09,5.91,1433.6,10.2
2020,Barley,3.29,6.37,1672.0,15.3
2021,Rice,1.55,3.13,1367.4,26.6
2024,Barley,1.04,4.82,720.4,20.3
2021,Corn,7.92,8.32,1716.7,20.1
2020,Rice,2.46,3.96,1453.9,32.1
2020,Barley,2.08,6.75,1082.2,32.4
2021,Rice,2.07,4.51,1511.2,32.7
2024,Soybean,0.62,3.08,889.9,17.8
2021,Wheat,1.51,4.69,1017.8,27.3
2024,Rice,9.46,9.83,1876.2,16.8
2024,Wheat,2.4,8.61,935.8,14.8
2022,Barley,3.22,9.72,1205.0,14.6
2023,Wheat,4.37,6.41,1835.2,18.6
2023,Rice,2.11,3.77,1561.6,20.7
2020,Soybean,0.9,6.84,593.3,30.8
2022,Barley,1.53,6.18,721.0,13.0
2023,Rice,1.82,8.91,511.8,28.4
2024,Barley,1.59,3.69,1446.4,23.3
2024,Corn,3.26,6.42,1171.5,17.2
2021,Wheat,0.82,4.05,701.4,22.3
2021,Corn,6.15,5.27,1936.9,17.5
2024,Rice,4.64,8.16,1294.5,24.9
2024,Soybean,1.54,6.33,862.8,20.8
2021,Barley,2.53,5.63,1250.9,14.1
2023,Wheat,3.41,5.76,1519.4,12.9
2020,Barley,1.46,6.22,614.4,23.7
2021,Rice,3.37,8.5,912.1,32.6
2023,Barley,6.2,9.24,1710.4,18.6
2023,Wheat,4.08,9.69,1189.5,28.3
2023,Rice,4.92,8.51,1319.9,26.5
2022,Barley,2.18,5.21,1149.2,33.3
2022,Soybean,0.88,7.82,565.8,30.5
2023,Rice,2.0,6.06,748.6,24.2
2024,Rice,2.18,4.78,1168.3,26.4
2022,Soybean,1.82,8.89,813.8,32.5
2021,Corn,0.88,3.27,575.0,20.0
2022,Wheat,6.96,9.31,1765.5,18.2
2024,Corn,5.62,6.23,1971.8,10.3
2020,Barley,4.86,7.46,1689.7,30.7
2022,Soybean,3.88,7.62,1780.7,30.0
2023,Corn,4.96,9.27,863.0,12.6
2023,Rice,4.8,7.46,1940.9,24.4
2023,Barley,1.81,7.3,795.4,21.6
2020,Barley,1.95,3.47,1927.1,13.0
2024,Corn,5.25,6.63,1992.2,34.5
2021,Corn,3.46,4.05,1567.6,15.4
2024,Soybean,3.13,8.16,1971.7,11.7
2020,Wheat,3.19,6.59,1354.3,24.9
2023,Corn,2.88,7.76,889.3,28.5
2024,Corn,1.65,3.29,1155.5,10.8
2021,Rice,2.16,3.59,1390.3,26.5
2023,Barley,1.72,8.01,609.6,23.3
2021,Wheat,1.49,3.5,1433.5,12.6
2022,Rice,2.26,3.5,1971.8,14.3
2021,Soybean,0.63,3.08,785.2,24.2
2023,Soybean,3.49,9.7,1688.9,17.4
2022,Corn,7.13,8.16,1861.8,33.5
2023,Corn,4.87,5.47,1915.6,30.5
2023,Soybean,3.14,5.08,1940.2,34.6
2022,Corn,3.0,5.45,1282.2,16.5
2021,Wheat,6.92,8.42,1966.0,34.2
2020,Corn,5.13,7.63,1636.0,20.8
2020,Barley,0.89,4.3,742.5,18.7
2020,Corn,3.16,4.22,1215.4,11.3
2020,Rice,2.6,3.69,1577.5,11.3
2024,Wheat,1.63,7.62,871.0,27.3
2020,Rice,3.96,8.35,1460.9,21.4
2022,Rice,3.27,4.86,1499.9,15.7
2020,Barley,0.76,3.15,744.0,25.3
2023,Wheat,1.55,3.58,1347.6,16.3
2020,Wheat,4.4,9.78,1657.4,24.4
2021,Wheat,1.83,5.07,1248.3,19.0
2022,Wheat,1.63,8.38,518.2,30.6
2022,Wheat,1.49,7.37,513.6,30.5
2024,Barley,2.21,5.67,1035.5,21.9
2023,Corn,3.83,4.44,1889.3,18.8
2022,Rice,1.32,3.85,843.0,19.1
2021,Wheat,4.48,7.31,1451.5,30.1
2020,Corn,2.85,8.42,833.1,18.2
2022,Corn,3.16,7.51,982.5,15.2
2021,Rice,3.6,6.71,1772.1,12.1
2020,Barley,1.89,3.29,1593.3,21.7
2024,Soybean,1.77,9.78,643.1,22.1
2022,Soybean,2.54,8.59,1143.1,31.0
2022,Corn,1.51,5.05,543.8,15.5
2021,Rice,5.25,9.86,1221.3,19.5
2023,Soybean,2.38,7.21,1493.7,30.2
2024,Corn,2.05,7.08,677.8,30.6
2023,Barley,2.06,8.24,933.3,19.6
2022,Soybean,2.52,8.68,1096.8,21.5
2023,Corn,7.25,7.6,1879.3,17.6
2020,Corn,3.42,3.9,1989.9,33.3
2024,Wheat,1.21,5.37,567.4,13.0
2023,Barley,4.9,9.5,1641.5,33.3
2020,Wheat,2.07,4.57,1057.6,27.1
2021,Rice,2.4,5.61,1088.7,23.3
2023,Wheat,2.7,6.02,1631.4,10.8
2024,Wheat,4.79,6.08,1877.6,21.9
2020,Soybean,3.57,7.29,1926.4,20.2
2023,Corn,6.52,9.6,1365.7,14.0
2021,Barley,1.72,4.68,1035.7,26.4
2023,Wheat,1.89,3.85,1681.3,34.3
2020,Barley,1.37,4.38,876.5,24.1
2023,Wheat,4.4,9.21,1346.1,27.9
2024,Rice,2.95,7.52,1037.9,11.7
2022,Wheat,2.11,5.0,1484.9,20.4
2020,Soybean,1.79,8.71,860.6,12.9
2020,Corn,3.01,9.03,787.4,25.3
2020,Rice,4.97,8.93,1877.4,33.5
2020,Wheat,2.37,9.43,652.7,26.5
2023,Barley,1.67,4.77,1258.9,11.9
2024,Rice,3.32,8.29,831.3,18.9
2021,Rice,1.23,6.22,558.4,23.8
2024,Wheat,1.68,8.89,554.0,20.1
2020,Rice,1.98,8.1,762.8,30.8
2023,Barley,4.98,8.44,1800.2,30.4
2023,Rice,2.12,7.59,923.7,25.3
2020,Barley,3.13,4.24,1925.7,19.3
2023,Wheat,3.32,6.82,1372.4,16.4
2020,Corn,6.97,9.89,1154.9,12.6
2024,Rice,5.16,9.56,1370.1,18.9
2022,Corn,2.11,3.3,1275.0,20.3
2023,Barley,1.93,4.15,1638.2,26.9
2020,Rice,1.12,3.92,923.7,26.5
2020,Soybean,2.43,8.08,1029.6,11.8
2023,Corn,8.84,8.72,1841.1,19.9
2021,Rice,3.9,4.49,1919.7,14.5
2020,Corn,6.35,6.54,1838.8,13.9
2023,Rice,4.89,8.88,1129.2,30.7
2020,Wheat,5.42,8.13,1670.5,11.0
2021,Corn,5.02,6.8,1214.5,20.5
2022,Soybean,2.08,7.13,1246.3,14.2
2021,Soybean,1.25,6.56,807.0,32.0
2024,Barley,2.23,5.08,1386.7,23.9
2023,Rice,1.86,6.96,779.2,15.8
2021,Corn,3.9,7.82,997.3,22.6
2022,Barley,6.18,9.11,1782.5,28.3
2020,Corn,2.91,7.45,810.6,34.0
2023,Rice,1.6,8.33,606.7,15.5
2021,Soybean,0.61,4.12,603.5,32.2
2022,Wheat,4.07,6.23,1911.2,33.4
2021,Soybean,0.8,3.07,1260.4,32.9
2024,Barley,1.62,4.73,1114.1,25.9
2023,Wheat,3.71,8.09,1716.3,25.7
2020,Barley,6.82,9.94,1753.7,20.1
2022,Rice,1.76,3.69,998.3,28.8
2021,Wheat,3.62,5.81,1540.4,23.3
2023,Barley,3.89,8.6,1656.7,26.9
2021,Rice,2.17,4.43,1482.0,20.7
2023,Soybean,1.17,6.89,727.4,28.3
2024,Rice,5.11,8.13,1813.8,30.6
2021,Corn,3.79,7.31,1308.6,13.7
2024,Rice,1.63,4.32,923.7,30.8
2022,Rice,2.26,5.49,1137.8,23.5
2024,Corn,2.88,8.49,556.4,31.1
2023,Barley,1.77,6.88,691.8,20.8
2022,Barley,1.9,3.04,1648.3,19.5
2021,Rice,1.26,8.33,500.0,32.9
2021,Corn,2.38,3.25,1124.8,16.3
2023,Corn,5.52,8.22,1283.8,31.1
2020,Soybean,0.55,4.42,582.0,22.1
2020,Barley,5.56,9.71,1959.6,22.9
2021,Wheat,1.44,5.58,839.2,17.7
2023,Barley,1.72,5.29,956.3,24.3
2020,Barley,1.36,4.04,955.9,18.1
2024,Soybean,0.89,5.14,845.6,11.0
2021,Wheat,1.74,9.14,502.2,16.8
2024,Soybean,3.42,9.97,1594.0,10.2
2023,Wheat,2.63,5.58,1950.3,34.5
2024,Rice,1.73,6.14,836.4,34.1
2020,Wheat,5.1,8.05,1494.6,19.9
2020,Soybean,4.79,9.2,1612.8,28.2
2022,Barley,4.0,7.15,1772.6,18.6
2021,Wheat,2.6,5.74,1133.9,26.8
2023,Wheat,2.1,5.89,954.4,30.1
2021,Corn,3.28,7.87,987.9,33.7
2024,Barley,1.32,3.02,1568.9,20.0
2023,Rice,4.56,7.34,1725.2,29.6
2023,Soybean,1.04,5.49,772.4,16.6
2020,Rice,4.33,8.56,1056.4,34.8
2024,Barley,2.32,3.65,1852.9,10.6
2020,Wheat,4.4,7.12,1710.0,25.1
2020,Wheat,3.86,6.37,1977.3,26.5
2022,Barley,4.14,7.5,1631.4,27.2
2020,Wheat,1.26,3.45,1089.8,13.0
2021,Wheat,3.19,7.06,1386.0,33.5
2023,Wheat,4.08,6.93,1491.5,14.5
2020,Soybean,1.13,6.92,617.7,25.6
2021,Soybean,2.54,7.22,1316.7,15.6
2024,Corn,4.84,7.74,1564.0,17.7
2023,Rice,2.55,8.63,751.0,23.7
2024,Barley,3.2,4.89,1670.9,20.4
2021,Barley,4.55,8.78,1375.7,14.0
2024,Barley,3.38,6.49,1928.3,14.3
2024,Corn,1.12,3.54,563.6,20.5
2024,Soybean,0.76,3.41,898.0,28.9
2020,Corn,3.45,5.34,1402.3,32.4
2020,Barley,2.36,8.49,944.8,12.1
2020,Rice,3.75,7.95,1571.6,19.8
2023,Wheat,4.69,8.52,1638.5,12.5
2021,Soybean,1.06,6.62,653.8,10.4
2020,Soybean,1.99,6.08,1270.8,26.5
2024,Corn,2.17,4.03,1263.3,25.1
2024,Soybean,1.82,5.3,1053.9,14.1
2024,Barley,3.23,6.04,1899.4,15.8
2024,Barley,2.29,3.62,1741.3,10.6
2022,Corn,3.75,4.54,1545.8,30.9
2023,Barley,3.66,7.19,1571.5,34.4
2021,Rice,4.88,8.15,1192.6,13.4
2021,Corn,8.58,9.99,1881.5,15.8
2020,Rice,7.04,9.53,1541.9,31.7
2022,Wheat,4.97,7.5,1593.5,33.2
2021,Rice,4.86,5.95,1792.5,20.5
2023,Wheat,2.3,7.45,911.1,11.3
2024,Wheat,3.49,8.5,1710.6,11.0
2020,Rice,1.38,3.83,792.9,24.3
2023,Corn,2.5,5.87,1018.0,19.8
2021,Barley,2.94,8.88,1003.4,10.7
2022,Barley,4.35,5.69,1967.8,24.6
2020,Wheat,5.01,7.0,1784.8,10.3
2021,Wheat,4.31,7.11,1551.8,29.7
2020,Corn,3.04,4.29,1590.6,17.7
2021,Soybean,1.44,5.54,1343.1,11.0
2024,Rice,4.99,5.34,1920.6,24.7
2022,Wheat,0.95,3.18,1244.4,19.9
2024,Barley,1.34,3.17,1070.8,34.3
2021,Corn,2.66,8.82,744.6,23.6
2023,Rice,3.22,4.91,1679.3,16.9
2024,Corn,6.21,6.63,1601.7,27.7
2023,Rice,2.81,5.09,1076.5,16.8
2021,Rice,1.66,9.58,537.8,32.6
2022,Wheat,2.64,4.82,1758.5,19.4
2023,Corn,1.81,6.01,517.1,23.7
2021,Corn,8.97,9.11,1555.5,11.3
2023,Barley,4.75,8.89,1955.4,20.7
2024,Barley,1.58,4.3,1156.5,30.8
2021,Wheat,2.95,8.62,852.5,30.1
2024,Wheat,4.0,6.21,1557.3,15.6
2020,Soybean,2.3,6.38,1725.7,15.7
2021,Barley,1.55,3.93,1319.6,30.4
2023,Rice,2.15,3.56,1950.6,33.3
2020,Corn,1.93,8.1,577.5,12.4
2024,Wheat,2.78,6.48,1257.2,21.3
2024,Corn,4.77,6.06,1577.7,18.4
2023,Corn,6.95,8.11,1794.0,31.8
2020,Soybean,1.95,8.36,768.9,12.1
2022,Barley,2.7,4.11,1700.0,15.3
2023,Wheat,3.56,7.27,1329.1,28.8
2024,Corn,2.16,3.95,1094.8,11.3
2021,Wheat,1.52,8.26,697.6,22.3
2020,Rice,6.81,7.6,1797.9,21.1
2022,Soybean,2.18,9.7,735.9,18.4
2021,Rice,1.06,3.48,964.7,19.9
2020,Wheat,1.09,3.4,935.1,23.2
2023,Wheat,2.67,4.98,1807.1,14.0
2023,Barley,2.6,4.83,1509.1,24.3
2020,Corn,4.75,4.73,1695.0,30.1
2022,Corn,4.45,9.34,875.7,29.0
2020,Rice,2.7,4.75,1437.3,13.8
2021,Soybean,1.49,4.9,1357.6,13.7
2021,Corn,7.27,8.32,1749.2,16.7
2023,Barley,4.31,6.15,1859.1,19.0
2020,Rice,1.87,8.44,518.2,20.2
2023,Rice,2.5,3.46,1511.0,27.0
2022,Barley,0.99,6.41,577.8,11.4
2021,Soybean,0.89,3.24,1323.3,10.9
2024,Barley,0.89,3.44,931.4,19.8
2024,Soybean,2.43,9.35,960.2,27.4
2020,Barley,1.4,3.97,1029.4,14.8
2020,Barley,2.78,6.73,1431.9,26.0
2024,Wheat,1.72,5.88,1001.1,16.5
2020,Rice,3.16,5.43,1599.0,32.2
2021,Barley,3.37,9.3,1106.8,32.4
2022,Barley,0.63,3.15,602.5,17.4
2022,Corn,8.09,7.65,1675.6,15.7
2023,Rice,3.77,9.74,928.6,20.3
2021,Corn,3.68,6.92,1149.2,16.0
2020,Rice,6.01,9.56,1528.2,26.8
2020,Corn,2.05,3.37,998.7,30.7
2023,Barley,0.93,5.93,584.9,26.8
2023,Barley,2.0,4.82,1060.9,30.6
2020,Wheat,6.25,8.12,1916.7,19.9
2020,Corn,8.84,9.87,1462.6,13.9
2021,Soybean,1.47,4.8,1507.2,28.4
2023,Wheat,4.53,7.58,1448.4,19.0
2021,Corn,2.25,4.39,798.5,26.8
2020,Corn,3.42,6.96,1127.5,16.8
2024,Wheat,3.58,6.25,1626.4,12.0
2024,Barley,1.94,9.8,652.1,34.8
2020,Corn,2.67,7.26,916.8,13.9
2023,Barley,1.45,5.45,914.5,34.7
2024,Wheat,1.52,3.8,1148.0,34.4
2023,Barley,2.34,4.06,1970.6,29.8
2024,Rice,0.96,4.58,601.3,26.5
2023,Soybean,1.34,4.76,1278.1,24.4
2024,Corn,3.53,8.95,769.0,31.7
2023,Soybean,4.14,6.93,1956.0,17.2
2021,Barley,1.21,6.66,670.0,21.7
2023,Corn,1.66,3.8,1105.4,25.5
2021,Barley,4.25,9.02,1606.8,20.3
2021,Rice,4.46,8.06,1556.8,20.7
2020,Wheat,1.4,3.47,1134.1,18.3
2021,Corn,3.18,7.95,1019.8,24.1
2022,Rice,3.26,6.8,1096.4,31.3
2021,Rice,1.64,3.57,896.4,15.0
2023,Corn,3.08,6.21,808.0,33.4
2021,Barley,2.33,6.39,1224.6,27.2
2023,Rice,1.09,4.16,902.8,30.6
2023,Soybean,2.4,9.62,931.2,23.9
2022,Rice,6.82,8.95,1485.1,29.5
2021,Barley,4.72,7.68,1952.8,10.4
2021,Barley,2.41,6.24,1405.5,30.5
2024,Soybean,1.08,5.88,615.5,11.0
2024,Rice,1.37,7.56,613.4,32.2
2020,Barley,4.33,6.82,1927.1,34.8
2023,Corn,2.12,3.44,945.9,17.4
2022,Wheat,1.07,6.59,638.1,15.3
2024,Wheat,3.67,8.64,1398.6,29.1
2021,Wheat,3.42,6.21,1435.5,16.3
2020,Rice,1.66,3.36,1472.8,31.6
2022,Soybean,1.72,8.5,901.1,12.6
2021,Barley,0.91,4.41,522.7,13.1
2021,Corn,4.89,4.81,1947.5,34.5
2023,Corn,2.08,4.15,876.3,26.8
2023,Rice,3.15,5.31,1514.0,31.2
2024,Wheat,4.41,8.3,1559.9,18.1
2024,Rice,4.77,6.64,1415.0,26.9
2021,Soybean,1.14,4.43,969.4,24.9
2021,Soybean,2.53,9.14,906.6,25.1
2024,Barley,4.57,9.16,1396.5,27.1
2024,Barley,5.45,9.09,1799.1,24.4
2021,Soybean,2.26,4.67,1920.1,20.7
2022,Soybean,1.11,6.16,658.9,16.9
2021,Soybean,2.17,9.89,732.2,29.2
2022,Rice,7.09,8.4,1917.1,15.7
2022,Soybean,1.65,3.19,1604.8,27.3
2021,Corn,3.47,3.46,1824.5,15.8
2020,Wheat,1.42,6.25,803.9,25.6
2024,Soybean,2.51,9.36,1381.4,28.7
2023,Wheat,4.27,6.77,1551.7,15.5
2021,Rice,4.03,6.48,1520.2,11.5
2022,Wheat,1.54,3.74,1112.2,13.3
2021,Rice,1.52,7.6,523.1,25.1
2024,Corn,5.55,8.75,1374.4,31.2
2022,Rice,2.0,5.66,879.7,11.1
2023,Rice,3.13,8.43,1175.4,28.4
2023,Barley,5.59,9.75,1936.4,18.5
2023,Soybean,1.0,4.43,1098.6,22.0
2020,Soybean,3.1,6.66,1759.7,33.2
2022,Corn,2.31,5.01,782.8,18.3
2022,Corn,5.11,8.55,1508.7,21.6
2020,Soybean,4.39,7.04,1965.5,10.3
2022,Barley,1.79,7.44,652.8,12.0
2020,Soybean,1.1,8.59,512.5,16.5
2021,Barley,2.11,5.77,1150.4,10.7
2024,Corn,3.25,9.41,638.9,25.8
2023,Wheat,2.97,6.73,1622.6,20.7
2020,Corn,3.74,4.11,1871.8,23.7
2020,Corn,3.93,7.87,1151.0,14.4
2020,Rice,3.61,8.55,888.1,17.4
2021,Rice,1.93,5.22,1151.6,26.6
2020,Rice,7.18,9.0,1585.2,34.1
2024,Rice,2.39,9.34,513.6,11.3
2024,Barley,1.87,4.94,1384.2,32.3
2023,Soybean,3.9,9.88,1419.9,24.4
2021,Wheat,2.11,3.98,1456.5,24.1
2024,Corn,1.5,4.41,863.0,22.5
2022,Barley,2.04,4.29,1571.1,11.7
2022,Wheat,2.42,9.26,637.1,12.2
2022,Barley,2.16,7.58,798.9,25.0
2020,Barley,2.35,4.06,1816.2,18.5
2020,Corn,4.62,6.08,1608.1,32.9
2022,Soybean,0.89,7.31,520.6,20.2
2023,Rice,1.34,3.58,872.6,13.6
2023,Soybean,2.02,9.18,821.6,27.9
2020,Corn,4.59,8.63,906.2,17.3
2022,Corn,3.76,6.54,871.3,23.1
2023,Corn,2.42,9.77,593.8,27.4
2020,Wheat,2.86,5.92,1188.4,32.5
2022,Soybean,4.2,9.89,1599.1,29.8
2021,Soybean,2.12,7.68,1410.1,26.9
2022,Barley,3.72,7.44,1509.3,27.0
2022,Barley,0.94,4.16,621.7,33.6
2024,Barley,6.93,9.17,1927.2,17.4
2024,Corn,4.71,5.99,1757.7,10.0
2021,Soybean,1.75,4.14,1707.6,16.8
2021,Corn,2.45,3.09,1734.5,15.4
2022,Wheat,4.9,6.92,1899.1,26.5
2023,Barley,3.46,6.69,1316.4,25.8
2021,Corn,3.75,8.04,800.4,24.8
2022,Corn,6.41,9.23,1425.2,10.4
2020,Wheat,1.58,3.56,1614.3,28.2
2024,Rice,4.1,8.12,1606.9,18.1
2023,Soybean,1.19,4.31,1282.2,26.6
2022,Rice,2.44,9.01,602.7,23.9
2020,Barley,3.46,8.73,1056.7,18.6
2024,Corn,5.09,6.79,1881.1,13.4
2020,Wheat,4.05,7.97,1376.7,12.4
2022,Wheat,2.14,5.2,1307.5,30.8
2021,Soybean,1.45,6.3,903.3,33.0
2024,Rice,3.7,8.75,1052.7,26.2
2020,Soybean,3.31,6.21,1843.0,12.6
2021,Corn,4.01,5.5,1499.7,20.1
2023,Soybean,2.78,6.46,1681.1,28.2
2022,Wheat,2.89,8.8,1181.5,29.5
2022,Wheat,2.25,5.35,1445.4,13.0
2024,Barley,1.11,4.22,872.6,10.0
2020,Barley,3.76,7.98,1558.2,27.8
2023,Corn,6.68,8.78,1141.4,18.9
2024,Rice,1.49,3.7,1163.8,16.4
2024,Soybean,2.14,4.68,1474.0,10.3
2020,Corn,4.67,3.99,1904.4,23.5
2023,Barley,0.87,5.44,596.0,31.3
2020,Soybean,2.25,6.15,1737.1,33.9
2022,Barley,3.05,8.24,938.6,24.1
2021,Soybean,2.18,7.56,1165.9,22.9
2022,Rice,1.92,7.35,532.9,12.1
2022,Corn,2.79,5.47,951.6,23.7
2024,Soybean,2.78,8.89,1253.9,19.5
2022,Wheat,1.3,6.3,584.3,25.2
2023,Wheat,3.16,9.85,1236.6,19.7
2022,Soybean,3.7,7.44,1890.7,16.0
2023,Soybean,0.7,3.88,658.1,12.4
2020,Soybean,2.64,7.73,1646.7,17.9
2024,Wheat,1.96,5.28,1114.5,12.4
2023,Wheat,3.65,7.8,1482.8,14.4
2022,Soybean,0.94,3.49,890.4,34.7
2024,Barley,1.11,4.22,739.2,21.1
2024,Barley,2.23,8.99,740.7,23.3
2023,Rice,1.33,4.59,605.7,31.8
2023,Corn,4.39,8.86,778.5,34.9
2021,Barley,2.12,4.95,1496.3,24.6
2021,Wheat,5.2,7.5,1822.5,30.3
2024,Barley,3.61,7.86,1721.2,18.2
2021,Rice,4.16,6.59,1527.7,17.6
2022,Rice,1.04,5.14,665.6,20.1
2020,Corn,2.78,4.49,933.8,26.8
2024,Barley,1.07,3.23,964.7,27.1
2020,Wheat,1.84,5.13,874.9,17.9
2021,Wheat,2.91,7.57,1272.5,13.3
2023,Soybean,2.95,9.57,1303.3,25.8
2024,Wheat,3.99,9.1,1035.3,13.2
2021,Corn,4.88,8.36,1030.7,24.5
2022,Corn,7.73,8.52,1742.8,27.3
2024,Wheat,5.48,7.65,1683.9,27.5
2024,Wheat,1.15,4.82,961.7,28.8
2023,Soybean,4.62,9.35,1870.7,31.8
2024,Wheat,4.44,7.7,1929.2,22.5
2023,Soybean,2.01,6.92,990.1,28.3
2021,Soybean,1.09,3.78,1031.6,25.5
2022,Wheat,2.57,6.13,1258.5,14.7
2022,Rice,4.37,6.22,1911.7,10.6
2024,Rice,6.72,9.05,1814.5,17.1
2024,Soybean,1.19,6.83,653.9,21.1
2021,Wheat,2.03,5.66,1089.1,25.4
2023,Rice,6.35,9.84,1330.1,31.2
2022,Wheat,1.66,3.78,1254.7,14.9
2023,Wheat,1.43,5.96,790.8,13.1
2021,Wheat,1.8,3.29,1788.2,34.1
2022,Barley,3.7,8.18,1515.4,12.7
2022,Wheat,5.36,9.43,1756.9,22.0
2020,Barley,2.37,4.96,1788.1,24.6
2021,Soybean,2.99,9.01,1622.5,23.5
2021,Rice,2.43,5.05,1158.8,12.2
2020,Rice,4.07,9.38,1415.8,11.4
2023,Rice,1.87,8.28,740.5,12.6
2020,Rice,5.16,8.63,1510.5,24.6
2021,Rice,1.07,3.13,768.9,23.6
2023,Rice,5.17,9.74,1540.9,15.8
2022,Rice,2.27,8.09,844.4,25.9
2020,Soybean,0.8,5.13,676.3,30.5
2023,Wheat,1.7,8.81,747.9,11.0
2023,Corn,0.97,4.97,503.0,22.5
2023,Barley,5.52,9.11,1578.1,27.2
2020,Corn,3.15,3.79,1598.6,16.3
2022,Corn,5.43,7.93,1272.4,17.7
2023,Wheat,1.82,6.78,742.0,25.3
2020,Wheat,0.65,3.68,625.3,32.4
2021,Wheat,0.74,4.69,528.7,30.2
2020,Rice,0.67,3.09,748.6,24.6
2020,Soybean,2.61,6.28,1836.3,28.3
2020,Rice,1.85,5.11,862.3,19.1
2023,Soybean,2.41,7.19,1031.4,26.0
2020,Soybean,0.83,5.08,658.0,21.7
2021,Corn,2.17,5.1,833.5,14.7
2023,Corn,5.7,8.2,1278.8,27.5
2021,Soybean,1.46,3.34,1411.6,23.9
2024,Soybean,2.35,9.32,868.0,19.0
2020,Rice,2.12,8.97,586.6,32.8
2023,Rice,2.77,7.67,1086.5,10.5
2023,Corn,4.01,7.15,851.3,17.9
2020,Wheat,2.35,9.25,829.3,11.4
2022,Soybean,2.37,4.3,1939.8,29.2
2022,Rice,1.5,3.55,1424.5,27.6
2021,Corn,3.85,4.68,1335.3,18.3
2020,Rice,3.66,8.56,1123.7,26.9
2020,Soybean,1.08,3.24,1143.4,19.9
2024,Soybean,2.06,7.08,1311.4,28.9
2022,Barley,5.74,9.97,1544.6,21.4
2022,Wheat,4.37,8.99,1553.2,20.3
2020,Barley,1.42,6.65,757.5,33.4
2021,Corn,2.44,3.45,1250.2,16.3
2020,Rice,5.02,8.82,1117.9,13.0
2021,Corn,7.99,7.19,1805.8,24.6
2022,Soybean,1.45,3.8,1447.1,34.2
2024,Barley,1.84,3.66,1298.8,19.4
2023,Barley,2.29,9.37,673.1,11.6
2022,Barley,3.75,7.68,1408.5,18.5
2021,Corn,3.17,8.81,675.8,22.6
2020,Soybean,2.17,9.15,1005.8,14.0
2022,Rice,2.14,7.0,714.3,26.5
2024,Rice,5.08,6.62,1538.1,34.9
2021,Corn,2.07,6.01,809.4,21.3
2020,Barley,2.04,5.22,1087.8,18.9
2023,Wheat,3.12,6.04,1843.5,20.0
2021,Corn,3.86,8.42,806.5,12.9
2020,Corn,4.18,7.21,1261.7,32.1
2023,Soybean,3.01,9.25,1128.9,20.4
2020,Rice,1.35,6.1,527.2,19.7
2023,Corn,7.6,7.25,1689.1,26.5
2023,Corn,2.69,7.42,603.6,21.1
2023,Barley,3.23,7.14,1211.4,26.2
2020,Barley,3.15,7.92,1341.0,11.5
2023,Wheat,2.27,4.66,1442.6,30.3
2021,Soybean,2.32,6.59,1532.9,33.5
2024,Wheat,1.0,3.73,879.9,26.2
2024,Barley,0.79,5.69,515.0,33.9
2023,Rice,3.24,6.41,1585.2,13.8
2024,Barley,2.94,7.57,1303.5,21.9
2024,Soybean,3.85,9.65,1754.2,25.0
2023,Barley,3.88,7.2,1732.1,24.5
2023,Soybean,3.62,8.21,1765.0,20.0
2021,Soybean,2.23,6.54,1227.6,18.5
2022,Soybean,1.57,7.44,1000.4,13.2
2020,Soybean,1.93,3.5,1687.3,19.8
2023,Soybean,1.43,4.78,1176.9,14.1
2023,Rice,1.77,5.53,775.2,28.4
2024,Wheat,3.62,6.31,1782.5,15.2
2021,Corn,3.35,3.32,1823.8,11.5
2024,Wheat,1.81,3.98,1199.5,23.8
2023,Soybean,0.89,4.94,613.5,24.9
2023,Rice,4.37,9.8,1081.7,31.8
2024,Barley,3.55,5.32,1705.3,24.4
2023,Rice,4.03,6.37,1852.7,18.6
2022,Soybean,0.87,4.37,805.2,30.1
2020,Rice,1.55,7.28,600.5,23.5
2020,Rice,4.61,4.96,1816.0,12.0
2020,Soybean,1.49,4.45,1084.1,24.1
2022,Rice,4.13,6.62,1312.6,32.7
2023,Corn,3.89,3.04,1952.1,19.9
2024,Corn,0.89,3.05,599.8,17.4
2021,Rice,2.22,4.53,1472.5,13.6
2023,Barley,0.73,3.26,611.2,13.8
2022,Soybean,0.85,3.76,1063.2,20.8
2022,Corn,3.88,5.37,1705.7,24.9
2020,Barley,3.09,8.62,1150.2,12.0
2023,Rice,5.25,7.0,1995.8,33.5
2020,Barley,3.45,6.59,1338.6,28.9
2021,Wheat,1.54,5.05,981.7,24.7
2020,Corn,3.4,9.52,830.2,30.7
2021,Rice,2.23,5.78,1025.8,12.0
2022,Soybean,0.83,3.61,1058.8,21.9
2020,Rice,1.63,7.32,603.1,25.8
2020,Soybean,1.02,3.8,1054.4,30.7
2024,Rice,2.0,5.42,1196.4,29.6
2022,Barley,2.8,6.55,1584.1,16.9
2024,Barley,4.68,9.12,1485.1,33.5
2021,Barley,2.7,6.45,1563.1,13.1
2021,Wheat,1.45,7.92,512.5,31.9
2022,Soybean,1.78,9.95,826.5,34.3
2021,Barley,1.84,3.92,1492.5,14.4
2022,Wheat,2.14,4.92,1226.0,28.1
2021,Soybean,0.77,5.76,508.0,11.0
2023,Rice,2.97,5.95,1706.7,20.1
2020,Wheat,2.93,5.88,1659.2,22.9
2023,Corn,8.14,9.35,1322.6,24.5
2022,Wheat,1.32,8.0,599.7,33.4
2022,Wheat,2.92,7.26,1649.8,26.8
2023,Soybean,1.54,5.17,1375.6,22.0
2020,Rice,5.97,8.77,1672.9,30.2
2020,Corn,7.35,9.69,1627.6,33.8
2024,Barley,4.39,8.75,1704.5,10.6
2021,Barley,1.49,3.01,1277.0,34.6
2024,Wheat,2.13,7.45,710.5,12.2
2020,Soybean,1.64,3.36,1506.7,30.4
2023,Soybean,1.85,4.8,1430.7,17.0
2021,Barley,1.5,3.42,1613.4,13.3
2023,Corn,3.37,7.23,754.8,21.0
2024,Rice,2.06,7.81,792.5,26.1
2022,Corn,4.28,3.8,1835.6,19.5
2023,Rice,3.78,5.69,1625.0,11.4
2024,Barley,3.68,6.19,1862.3,25.0
2024,Rice,3.88,5.58,1638.1,32.6
2024,Soybean,1.15,3.85,1395.7,19.6
2022,Wheat,3.52,5.93,1481.2,15.4
2022,Wheat,5.32,8.26,1833.7,21.1
2022,Barley,1.56,3.5,1368.2,11.2
2021,Soybean,1.67,3.56,1448.6,30.5
2022,Corn,1.77,5.48,734.7,30.7
2022,Soybean,3.84,9.59,1210.9,24.7
2022,Wheat,3.92,7.68,1574.6,18.8
2023,Wheat,2.69,7.75,906.4,30.0
2022,Soybean,0.92,5.53,803.4,23.9
2021,Soybean,1.91,7.16,970.7,30.6
2024,Wheat,1.07,3.07,862.3,25.8
2023,Corn,2.81,7.45,822.4,29.6
2020,Barley,4.07,9.39,1137.3,25.0
2022,Barley,4.88,7.29,1861.8,20.4
2024,Soybean,3.25,9.12,1260.6,33.9
2024,Barley,1.91,8.07,781.9,23.5
2023,Wheat,0.92,3.84,615.5,25.1
2020,Wheat,4.24,9.32,1544.2,15.5
2021,Soybean,0.76,3.47,1074.2,25.6
2024,Soybean,2.64,6.74,1732.7,24.3
2024,Soybean,1.21,3.99,1489.3,14.6
2024,Corn,3.2,3.08,1694.4,11.5
2024,Barley,1.84,5.95,907.9,25.1
2023,Soybean,1.83,5.07,1538.5,29.1
2020,Rice,1.85,6.4,896.1,23.1
2024,Rice,4.76,7.04,1908.6,15.7
2021,Wheat,1.78,3.31,1454.6,26.7
2021,Barley,1.1,3.86,986.8,12.0
2022,Soybean,1.59,6.91,904.3,21.0
2024,Rice,1.86,5.4,786.4,14.1
2024,Barley,4.81,8.1,1542.0,14.6
2024,Wheat,2.05,7.57,828.1,15.1
2024,Corn,6.56,8.92,1393.0,19.7
2024,Barley,2.49,7.85,897.0,11.3
2021,Barley,3.1,6.01,1493.0,19.9
2020,Corn,5.71,7.71,1722.4,22.8
2020,Barley,3.18,4.93,1667.0,22.1
2022,Wheat,2.73,5.14,1641.3,19.6
2021,Wheat,1.93,8.52,781.6,31.0
2024,Corn,1.77,6.12,632.6,13.6
2020,Soybean,4.19,8.59,1548.4,22.6
2023,Rice,4.11,8.76,1052.5,11.6
2023,Soybean,2.75,9.0,1148.5,11.8
2023,Barley,1.96,9.42,546.7,24.3
2024,Rice,2.11,6.02,889.4,24.2
2024,Corn,1.44,5.23,550.5,32.0
2022,Corn,8.4,7.08,1818.8,23.9
2022,Rice,1.57,5.6,865.1,34.0
2022,Wheat,3.85,7.21,1336.0,11.2
2023,Rice,1.99,7.94,558.5,12.5
2024,Barley,3.84,7.82,1500.3,11.1
2023,Wheat,1.96,5.62,984.5,14.6
2022,Corn,3.92,4.17,1846.9,23.5
2024,Rice,3.71,6.01,1832.2,26.1
2021,Soybean,1.06,4.0,987.9,11.1
2020,Soybean,4.26,9.23,1851.4,33.6
2020,Barley,3.14,5.42,1994.2,31.1
2022,Soybean,1.49,4.08,1738.1,17.4
2023,Rice,1.69,3.18,1767.3,11.9
2021,Rice,2.1,7.52,873.5,14.2
2024,Soybean,2.4,7.46,1365.1,13.2
2023,Rice,1.07,5.38,600.9,13.1
2022,Barley,0.78,3.5,642.4,23.0
2023,Wheat,3.85,5.87,1998.3,16.1
2022,Barley,1.71,5.18,990.0,19.0
2020,Barley,4.46,7.74,1622.3,34.7
2020,Rice,6.16,7.24,1710.0,27.1
2023,Wheat,4.03,5.55,1787.0,33.7
2021,Rice,4.45,4.53,1996.4,13.6
2024,Corn,3.69,9.92,862.2,19.6
2022,Rice,1.31,6.18,560.5,23.9
2024,Rice,3.72,7.82,1116.8,11.9
2020,Rice,1.13,3.98,695.1,10.1
2021,Wheat,0.89,6.4,533.6,26.8
2021,Rice,1.71,3.19,1040.6,26.0
2024,Wheat,3.05,6.54,1675.6,20.3
2020,Soybean,3.99,9.75,1349.3,22.2
2024,Corn,2.5,5.69,969.2,20.4
2023,Wheat,1.53,3.27,1481.5,10.6
2021,Soybean,0.85,3.22,848.0,18.4
2021,Wheat,1.08,5.72,521.6,14.4
2023,Wheat,1.73,4.12,1646.5,12.5
2020,Corn,2.25,3.16,1435.6,33.9
2021,Barley,4.51,8.29,1643.5,25.0
2022,Barley,1.28,6.21,558.4,28.2
2022,Wheat,2.17,5.02,1755.7,17.9
2020,Rice,5.87,9.3,1429.3,19.8
2023,Soybean,1.7,3.81,1345.1,15.9
2024,Rice,6.89,9.69,1436.9,12.4
2020,Rice,3.25,5.2,1796.6,14.5
2024,Wheat,4.27,9.22,1380.4,29.9
2020,Wheat,4.09,7.22,1371.4,26.9
2022,Wheat,7.07,8.79,1986.0,23.7
2023,Wheat,5.2,9.89,1635.1,21.9
2022,Barley,1.61,5.02,1163.4,33.1
2023,Wheat,5.28,9.73,1561.1,11.8
2024,Barley,2.12,5.73,1083.8,17.0
2020,Barley,1.71,5.7,843.3,18.7
2021,Wheat,1.79,5.38,1395.3,29.6
2021,Corn,7.04,6.79,1892.3,34.8
2023,Soybean,2.27,4.08,1893.7,16.0
2023,Rice,2.16,6.88,1012.9,31.9
2022,Barley,3.01,6.79,1291.5,30.8
2021,Soybean,2.18,8.33,817.5,15.6
2022,Corn,9.87,8.84,1993.4,20.0
2024,Rice,6.24,6.08,1971.7,20.2
2021,Rice,2.31,5.12,1474.3,34.5
2024,Barley,2.87,4.82,1706.6,14.5
2020,Wheat,2.71,4.36,1572.7,30.0
2022,Corn,2.33,3.4,1389.7,18.4
2023,Barley,1.21,5.4,580.0,28.3
2021,Corn,2.97,4.89,1182.1,20.5
2022,Wheat,6.13,9.76,1512.2,24.5
2023,Wheat,2.98,6.9,1516.3,30.8
2020,Barley,2.19,5.43,1059.7,30.1
2021,Wheat,4.78,7.06,1912.5,31.7
2024,Soybean,0.82,3.97,751.0,11.5
2020,Rice,2.3,6.11,1250.5,27.3
2023,Barley,4.11,7.38,1536.3,13.5
2021,Corn,5.92,6.42,1545.7,20.4
2021,Soybean,2.09,5.81,1473.0,23.7
2020,Barley,2.84,9.96,912.9,20.1
2021,Wheat,2.21,9.16,734.3,23.0
2023,Wheat,2.77,7.36,1453.9,34.9
2020,Wheat,3.14,6.99,1399.0,13.4
2024,Wheat,1.88,7.34,769.0,26.9
2020,Corn,2.76,4.41,1557.7,19.9
2020,Soybean,2.15,5.77,1182.8,13.3
2024,Rice,2.01,3.28,1501.6,14.0
2023,Corn,5.34,6.33,1756.1,33.7
2022,Corn,3.01,6.8,754.6,32.0
2022,Rice,0.82,4.59,528.7,32.7
2024,Rice,6.42,9.75,1668.7,34.8
2023,Wheat,5.56,9.37,1414.5,15.2
2021,Corn,8.15,8.06,1549.5,18.9
2024,Barley,4.38,6.73,1757.2,26.7
2022,Rice,6.29,9.09,1704.2,22.1
2023,Rice,2.41,3.91,1941.4,20.5
2020,Soybean,3.36,8.53,1303.9,18.9
2023,Barley,1.48,3.87,1232.7,24.8
2023,Barley,3.75,8.56,1102.8,24.4
2022,Rice,1.55,4.93,730.5,14.0
2022,Wheat,4.62,9.14,1358.9,21.8
2021,Soybean,2.67,9.61,915.5,23.8
2021,Barley,2.85,4.04,1882.0,24.3
2024,Rice,3.92,6.24,1374.8,15.3
2020,Barley,5.46,9.87,1389.3,28.6
2021,Soybean,1.69,6.38,1032.4,10.6
2022,Soybean,1.31,9.04,578.0,18.9
2023,Corn,1.76,7.12,547.6,29.5
2024,Rice,3.01,5.63,1135.0,24.1
2021,Soybean,0.69,5.0,626.8,16.5
2023,Corn,3.11,4.42,1410.3,27.4
2023,Corn,8.14,8.33,1821.5,24.2
2021,Barley,3.62,5.71,1824.4,29.9
2020,Barley,3.62,6.58,1488.6,28.4
2020,Corn,3.24,6.45,816.8,25.3
2024,Barley,3.42,7.04,1794.5,22.2
2020,Soybean,3.71,9.06,1829.1,13.3
2024,Wheat,2.71,9.87,795.0,16.5
2022,Soybean,2.77,5.85,1606.1,20.5
2021,Corn,5.22,8.79,929.8,25.0
2023,Corn,5.8,8.35,1704.0,22.8
2024,Soybean,3.55,7.01,1995.9,17.2
2020,Barley,1.89,9.69,545.0,10.2
2024,Barley,2.24,4.4,1846.0,22.4
2024,Corn,2.56,3.76,1433.9,17.1
2020,Rice,5.56,8.98,1960.1,28.4
2020,Barley,2.8,6.07,1197.5,10.6
2021,Soybean,3.29,8.93,1771.1,24.6
2023,Barley,1.54,9.25,593.6,33.5
2021,Soybean,1.0,3.44,1002.9,14.4
2021,Corn,3.54,9.18,600.5,21.8
2020,Barley,3.61,6.14,1963.0,12.3
2020,Soybean,2.55,6.57,1725.5,25.6
2023,Corn,6.71,7.39,1778.8,23.8
2024,Rice,8.65,9.48,1906.9,20.2
2021,Soybean,0.52,3.13,627.7,23.0
2023,Rice,3.12,6.34,1078.4,32.4
2021,Rice,1.44,7.81,606.6,14.9
2024,Wheat,1.68,8.06,816.2,10.6
2021,Barley,2.24,7.85,844.0,31.5
2022,Soybean,1.5,3.94,1203.7,24.4
2023,Rice,1.42,5.1,902.8,32.3
2020,Wheat,1.2,5.51,651.5,24.9
2021,Corn,2.96,8.63,751.2,30.3
2023,Soybean,1.09,4.95,720.9,20.7
2023,Rice,4.02,4.47,1959.6,28.7
2021,Barley,4.68,9.7,1638.9,32.8
2020,Wheat,1.81,3.06,1951.6,24.3
2020,Rice,4.37,9.98,1159.6,14.5
2021,Barley,2.69,7.74,917.6,16.7
2023,Rice,4.48,8.8,1697.4,15.0
2020,Soybean,1.2,5.06,989.4,16.2
2021,Soybean,0.91,3.1,949.1,17.7
2021,Soybean,2.14,8.17,848.8,23.9
2021,Wheat,1.69,8.84,694.5,24.7
2023,Soybean,1.58,8.18,884.7,20.7
2020,Barley,1.33,4.0,1033.0,25.4
2023,Rice,4.46,8.27,1511.0,12.0
2022,Corn,3.14,8.38,593.8,12.2
2020,Barley,1.85,7.61,815.8,14.3
2023,Barley,4.7,8.36,1713.5,23.0
2020,Soybean,1.49,8.92,720.4,15.3
2022,Wheat,2.19,7.3,1014.0,17.1
2024,Rice,2.65,3.62,1797.0,20.0
2021,Wheat,1.22,6.41,732.4,30.3
2023,Rice,0.9,3.54,624.1,10.3
2022,Rice,3.67,5.85,1226.8,26.2
2022,Wheat,1.79,5.85,953.6,26.7
2020,Barley,1.38,3.46,1345.1,30.0
2020,Rice,4.23,5.44,1705.7,33.3
2021,Wheat,0.83,3.78,705.7,10.5
2020,Rice,4.29,8.66,1371.0,13.8
2023,Corn,5.5,9.63,1258.3,32.2
2023,Barley,0.92,3.51,716.1,21.5
2023,Soybean,4.49,9.69,1436.0,24.1
2024,Rice,2.25,6.66,910.5,26.6
2023,Corn,3.86,5.1,1231.8,27.0
2020,Soybean,0.51,3.54,623.4,33.3
2020,Soybean,1.48,6.5,1189.4,34.9
2023,Rice,3.06,8.56,959.7,28.0
2022,Wheat,3.75,7.95,1733.6,17.2
2022,Rice,0.66,3.35,585.5,32.0
2022,Corn,2.03,3.51,1127.9,11.2
2021,Soybean,1.84,5.82,1187.6,15.8
2024,Rice,3.49,5.07,1587.5,32.4
2023,Wheat,2.14,4.63,1361.4,16.4
2021,Rice,2.26,4.97,1500.8,15.5
2022,Barley,4.52,8.62,1665.6,13.5
2023,Wheat,6.8,9.5,1793.3,31.5
2021,Corn,2.46,5.84,970.8,22.5
2020,Soybean,2.58,9.34,1307.0,26.9
2022,Rice,4.74,5.25,1760.2,16.0
2021,Wheat,4.52,6.34,1984.2,29.0
2020,Barley,3.01,4.58,1834.3,29.0
2022,Wheat,2.69,7.48,1057.2,17.8
2024,Barley,2.15,9.85,792.7,20.3
2022,Corn,4.25,7.22,1234.1,15.2
